experiment,method,image_a,image_b,condition,keypoints_a,keypoints_b,descriptor_dim,candidate_matches,initial_matches,ransac_inliers,ransac_outliers,inlier_ratio,mean_reproj_error,feature_time_sec,match_time_sec,ransac_time_sec,total_time_sec,homography_status,panorama_status,overlap_mae,panorama_success
feature_comparison,SIFT,boat1.jpg,boat2.jpg,original,2495,1748,128,2495,777,700,77,0.9009009009009008,0.3320980668067932,0.0642062509868992,0.0074804160103667,0.0005264589999569,0.1228719589998945,ok,ok,16.979085560197706,True
feature_comparison,SIFT,boat2.jpg,boat3.jpg,original,1748,1639,128,1748,582,469,113,0.8058419243986255,1.5561583042144775,0.0538598740095039,0.0046199999924283,0.0004178750095888,0.1060751250042812,ok,ok,7.721866215820388,True
three_image_left_mid,SIFT,boat1.jpg,boat2.jpg,original,2495,1748,128,2495,777,700,77,0.9009009009009008,0.3320980668067932,0.0547835420002229,0.0073360829992452,0.0005018749943701,0.1003716660052305,ok,ok,12.598612650024265,True
three_image_right_mid,SIFT,boat3.jpg,boat2.jpg,original,1639,1748,128,1639,562,444,118,0.7900355871886121,0.3370134532451629,0.0515036679862532,0.0049548749957466,0.0004122499958612,0.0983042919979197,ok,ok,12.598612650024265,True
feature_comparison,ORB,boat1.jpg,boat2.jpg,original,4000,3977,32,4000,805,771,34,0.9577639751552796,1.0632381439208984,0.0339210419915616,0.0135794579982757,0.0006399160047294,0.0895113330043386,ok,ok,16.989876167985663,True
feature_comparison,ORB,boat2.jpg,boat3.jpg,original,3977,3993,32,3977,1110,956,154,0.8612612612612612,1.1348373889923096,0.0163305409951135,0.0134119169961195,0.000592875003349,0.075558666998404,ok,ok,6.959823141621524,True
three_image_left_mid,ORB,boat1.jpg,boat2.jpg,original,4000,3977,32,4000,805,771,34,0.9577639751552796,1.0632381439208984,0.016736083998694,0.0135653329925844,0.0005794590106233,0.0715702500019688,ok,ok,13.70064312725457,True
three_image_right_mid,ORB,boat3.jpg,boat2.jpg,original,3993,3977,32,3993,1227,1074,153,0.8753056234718827,1.8114525079727173,0.0186307090189075,0.0122835419897455,0.0006564579962287,0.077102958006435,ok,ok,13.70064312725457,True
rotation,SIFT,boat2.jpg,boat3_rot15.jpg,rotation_15,1748,1853,128,1748,554,466,88,0.8411552346570397,0.9352518916130066,0.0603395409998483,0.0053104589896975,0.0004342090105637,0.1241969580005388,ok,ok,19.898838689878115,True
rotation,ORB,boat2.jpg,boat3_rot15.jpg,rotation_15,3977,4000,32,3977,1050,837,213,0.7971428571428572,2.1073765754699707,0.0180511240032501,0.0134887500025797,0.000626832988928,0.0919975419965339,ok,ok,19.795272726201627,True
rotation,SIFT,boat2.jpg,boat3_rot30.jpg,rotation_30,1748,1948,128,1748,591,500,91,0.8460236886632826,1.7767927646636963,0.1323859170079231,0.0059037920000264,0.0004159169911872,0.2425428749993443,ok,ok,26.89379781725527,True
rotation,ORB,boat2.jpg,boat3_rot30.jpg,rotation_30,3977,4000,32,3977,962,778,184,0.8087318087318087,1.9062132835388184,0.0193063329934375,0.013614666997455,0.0005788749986095,0.1108205829950748,ok,ok,27.55753912660609,True
rotation,SIFT,boat2.jpg,boat3_rot45.jpg,rotation_45,1748,1998,128,1748,598,487,111,0.81438127090301,1.1146513223648071,0.092746750000515,0.0056456250022165,0.0005166670016478,0.1914284579979721,ok,ok,33.74733823358437,True
rotation,ORB,boat2.jpg,boat3_rot45.jpg,rotation_45,3977,4000,32,3977,1038,896,142,0.8631984585741811,1.2480169534683228,0.0194923749950248,0.0135948750103125,0.0004829589888686,0.1158684590045595,ok,ok,29.344630660583185,True
scale,SIFT,boat2.jpg,boat3_scale100.jpg,scale_100,1748,1639,128,1748,582,469,113,0.8058419243986255,1.5561583042144775,0.0527771259949076,0.0049703749973559,0.0004227079916745,0.1000351670081727,ok,ok,7.721866215820388,True
scale,ORB,boat2.jpg,boat3_scale100.jpg,scale_100,3977,3993,32,3977,1110,956,154,0.8612612612612612,1.1348373889923096,0.016616458990029,0.01375937499688,0.0005872500041732,0.0770817500015255,ok,ok,6.959823141621524,True
scale,SIFT,boat2.jpg,boat3_scale75.jpg,scale_75,1748,1160,128,1748,448,379,69,0.8459821428571429,0.8439675569534302,0.0432319160026963,0.0063372080039698,0.0003852910012938,0.0755927499994868,ok,ok,6.8596290732360705,True
scale,ORB,boat2.jpg,boat3_scale75.jpg,scale_75,3977,3612,32,3977,859,785,74,0.9138533178114088,1.2214243412017822,0.0138585829990915,0.0124960839893901,0.0004806250071851,0.0517793330072891,ok,ok,8.766472680543899,True
scale,SIFT,boat2.jpg,boat3_scale50.jpg,scale_50,1748,551,128,1748,242,206,36,0.8512396694214877,0.6412365436553955,0.0386576249875361,0.0018266249971929,0.0002418749936623,0.0514170000096783,ok,ok,6.734539564378274,True
scale,ORB,boat2.jpg,boat3_scale50.jpg,scale_50,3977,2553,32,3977,530,489,41,0.9226415094339624,1.0576320886611938,0.0116816259978804,0.0090425420057727,0.0004001670022262,0.0323637089895783,ok,ok,8.528453414200564,True
viewpoint,SIFT,boat1.jpg,boat2.jpg,adjacent,2495,1748,128,2495,777,700,77,0.9009009009009008,0.3320980668067932,0.0551944170001661,0.0076998329896014,0.0005012090114178,0.1012499159987783,ok,ok,16.979085560197706,True
viewpoint,ORB,boat1.jpg,boat2.jpg,adjacent,4000,3977,32,4000,805,771,34,0.9577639751552796,1.0632381439208984,0.0170275419950485,0.0137045419978676,0.0006101670005591,0.0712398329924326,ok,ok,16.989876167985663,True
viewpoint,SIFT,boat1.jpg,boat4.jpg,wide_baseline,2495,1880,128,2495,27,5,22,0.1851851851851851,0.617580771446228,0.0545608329994138,0.0081907080020755,0.016467791996547,0.1031172919902019,few_inliers,ok,47.3263665280765,False
viewpoint,ORB,boat1.jpg,boat4.jpg,wide_baseline,4000,3957,32,4000,21,5,16,0.238095238095238,0.1413775384426117,0.0172602079983335,0.0136647500039543,0.0148666669992962,0.1025898340012645,few_inliers,ok,72.6218975682076,False
illumination,SIFT,boat2.jpg,boat3_original.jpg,original,1748,1639,128,1748,582,469,113,0.8058419243986255,1.5561583042144775,0.0516895840119104,0.0046967919915914,0.0004434170114109,0.0986002499994356,ok,ok,7.721866215820388,True
illumination,ORB,boat2.jpg,boat3_original.jpg,original,3977,3993,32,3977,1110,956,154,0.8612612612612612,1.1348373889923096,0.0165130839886842,0.0140098330011824,0.0006168330000946,0.0745229159947484,ok,ok,6.959823141621524,True
illumination,SIFT,boat2.jpg,boat3_darker.jpg,darker,1748,721,128,1748,309,229,80,0.7411003236245954,1.7234958410263062,0.0588145409856224,0.0029610000055981,0.0003761669941013,0.1217088330013211,ok,ok,41.95148689755013,True
illumination,ORB,boat2.jpg,boat3_darker.jpg,darker,3977,2918,32,3977,817,667,150,0.8164014687882497,1.89922297000885,0.0151366240024799,0.0107129169919062,0.0005821660015499,0.0660406660026637,ok,ok,41.98796572508035,True
illumination,SIFT,boat2.jpg,boat3_brighter.jpg,brighter,1748,2169,128,1748,508,421,87,0.8287401574803149,0.8390343189239502,0.0579597910109441,0.0064989999955287,0.000400292003178,0.1105646249925484,ok,ok,64.42919159271626,True
illumination,ORB,boat2.jpg,boat3_brighter.jpg,brighter,3977,4000,32,3977,951,821,130,0.8633017875920084,1.1367906332015991,0.0170464590046321,0.0133740839955862,0.0005506669986061,0.0812770829943474,ok,ok,64.5365038551527,True
illumination,SIFT,boat2.jpg,boat3_low_contrast.jpg,low_contrast,1748,721,128,1748,309,229,80,0.7411003236245954,1.7234987020492554,0.0492396670015296,0.002493209001841,0.0003500410093693,0.1018712920049438,ok,ok,12.944270759727972,True
illumination,ORB,boat2.jpg,boat3_low_contrast.jpg,low_contrast,3977,2918,32,3977,817,667,150,0.8164014687882497,1.89922297000885,0.0146459159877849,0.0125509579956997,0.0005884999991394,0.0682618330029072,ok,ok,12.906311369026184,True
illumination,SIFT,boat2.jpg,boat3_high_contrast.jpg,high_contrast,1748,3214,128,1748,408,340,68,0.8333333333333334,0.4672290682792663,0.0561431240057572,0.0093192499916767,0.0003618330083554,0.1072395420051179,ok,ok,24.311801588311567,True
illumination,ORB,boat2.jpg,boat3_high_contrast.jpg,high_contrast,3977,4000,32,3977,592,536,56,0.9054054054054054,1.216705560684204,0.0185565420106286,0.0137211670080432,0.0005208340007811,0.0792154170048888,ok,ok,26.48796774249613,True
